emer_season,emer_har,seed_stage,total_length,avg_temp,max_temp,min_temp,temp_range,total_precip,precip_airport_meteo,precip_airport,wet_day_freq,drought_days,hum,sunlight,NDVI_veg,NDVI_repro,NDVI_ripe,EVI_veg,EVI_repro,EVI_ripe,SAVI_veg,SAVI_repro,SAVI_ripe,yield
JJA,145,9,154,24.22,32.92,17.52,15.4,673.6000051,774.95,753.8,55,7,79.65135309,23557,0.483557337,0.851406078,0.7396546,0.292267988,0.666101388,0.543410844,0.285746639,0.58353,0.517094271,7728.571429
DJF,125,23,148,24.23,33.29,18.4,14.89,450.2000026,704.15,832,50,6,82.06799994,23646.84,0.734986087,0.835315857,0.646907341,0.501657771,0.629611404,0.434520544,0.460423174,0.545829095,0.394785167,8709.333333
JJA,137,12,149,22.87,32.23,17,15.23,673.6999975,762.3,721.2,55,4,77.45770191,23785.31,0.48542,0.821932004,0.58624,0.4673,0.621264468,0.472256,0.399674,0.563924305,0.399364,8466.666667
JJA,133,11,144,22.87,32.23,17,15.23,654.0999981,762.3,721.2,49,6,82.17977142,24018.92,0.725513719,0.842882883,0.709743544,0.755041463,0.694604796,0.50117048,0.565736615,0.605892567,0.4853982,8076.315789
DJF,120,16,136,23.9,33.29,18.25,15.04,491.6000064,859.75,1106.9,39,5,75.21123183,24020.73,0.649037456,0.815255952,0.64917712,0.452624443,0.684068888,0.493571341,0.406096066,0.56980992,0.439397483,8544.086022
DJF,130,7,137,22.24,30.68,17.83,12.85,533.8000039,722.5,889.1,49,7,79.51820709,24741.2,0.505861845,0.74137407,0.611027483,0.364874108,0.674173822,0.436611357,0.336827407,0.534494649,0.413145271,7196.428571
MAM,120,11,131,23.9,33.73,16.9,16.83,502.400006,640,713.2,48,7,82.10719371,24807.24,0.683313,0.848917647,0.5635014,0.4135528,0.677513558,0.592442,0.473423,0.61932,0.4148852,9320
DJF,141,19,160,22.53,30.45,18.35,12.1,477.5999944,712.55,874.7,49,6,77.24107127,25030.3,0.222127542,0.89566476,0.489913,0.15832833,0.751420232,0.490552,0.163807947,0.654459994,0.413551,7292.905983
DJF,128,14,142,22.53,30.45,18.35,12.1,445.5999926,712.55,874.7,45,5,77.83469931,25092.71,0.391895594,0.856989948,0.622852,0.296206643,0.704526306,0.4911419,0.263651391,0.621541992,0.4489,7855.339806
SON,132,15,147,22.43,30.68,18.13,12.55,604.9000124,913.35,1064.4,45,6,79.20420083,25529.06,0.579028305,0.720506322,0.732869348,0.374495237,0.807138532,0.588295323,0.34251898,0.584278741,0.53127622,7907.826087
JJA,130,14,144,23.22,32.23,17,15.23,634.9999977,643.5,634.7,54,4,77.64330797,25535.82,0.493461,0.794800216,0.6345334,0.4654322,0.624017883,0.456265,0.532543,0.55349133,0.466366,7738.888889
DJF,130,18,148,22.22,30.68,17,13.68,506.0000039,912.65,1182.1,48,5,77.37733315,25583.48,0.435217223,0.895897035,0.59322,0.343938769,0.69733347,0.618801,0.295967654,0.62395814,0.510461,6655.480769
DJF,130,33,163,22.17,30.68,17.83,12.85,593.7000049,934.9,1222.2,50,9,78.0187841,25675.63,0.456075182,0.765040563,0.604213873,0.280382844,0.602756667,0.425633528,0.270624079,0.536568275,0.415228928,8652.596154
SON,123,17,140,22.43,31.25,18.13,13.12,580.1000117,769.9,918.8,50,14,78.10237048,25724.04,0.651542188,0.808495407,0.691126299,0.403455537,0.5390229,0.47506009,0.387187178,0.504468135,0.464413325,7200
SON,130,10,140,22.22,30.68,18.31,12.37,579.2000108,952.95,1182.1,53,7,78.62433309,25868.76,0.530134424,0.816292313,0.687924059,0.470771226,0.683807146,0.46,0.374741846,0.597786046,0.481701145,8693.230769
DJF,140,16,156,22.53,30.45,18.35,12.1,473.0999942,712.55,874.7,48,6,82.7958683,25892.87,0.632662881,0.862535516,0.598296559,0.402482257,0.596883292,0.538522635,0.376022685,0.569951041,0.447686204,8089.858156
MAM,152,12,164,24.19,32.92,17.52,15.4,724.1000112,1010.05,997.5,52,5,78.41207357,25897.67,0.698787752,0.908804605,0.576796462,0.553301152,0.762399595,0.447732814,0.497767706,0.67374465,0.429553311,8378.93617
MAM,121,12,133,24.09,34.47,16.9,17.57,494.5000063,794.9,790.1,50,7,82.225,26145.01,0.733297789,0.840292505,0.657025065,0.468920994,0.649890682,0.46475193,0.435642897,0.574218629,0.453010521,8815.092025
DJF,130,17,147,22.22,30.68,17,13.68,499.8000039,912.65,1182.1,50,5,77.18503915,26267.42,0.412971008,0.902137069,0.615524,0.309988033,0.723731441,0.588938,0.268971732,0.641868989,0.39046772,7517.913043
SON,132,11,143,22.23,30.45,15.81,14.64,480.1,535.85,569.6,51,7,78.7646664,26416.51,0.585147328,0.769839108,0.761782658,0.453260785,0.644758231,0.507213286,0.388088797,0.562386775,0.48765934,8998.387097
DJF,125,30,155,23.97,33.29,18.77,14.52,498.3000058,824,1075.2,38,6,74.04439892,26602.25,0.447677365,0.743860352,0.75784449,0.333743602,0.696890336,0.635312619,0.301341104,0.578451944,0.548386105,7626.666667
JJA,140,12,152,22.87,32.23,17.64,14.59,703.4999968,762.3,721.2,44,6,74.10928961,26643.95,0.501173919,0.760171235,0.742323595,0.380237462,0.708338392,0.71127643,0.33833389,0.56311373,0.593693342,9152.631579
DJF,125,24,149,23.97,33.29,18.77,14.52,486.9000051,824,1075.2,38,6,73.9688347,26735.25,0.515643663,0.7991,0.769450853,0.387235348,0.692425962,0.661138439,0.350609699,0.552561044,0.567100993,8228.205128
DJF,137,14,151,22.66,30.45,18.35,12.1,471.7999973,757.6,933.1,46,5,73.3534721,27005.63,0.716551137,0.799977149,0.627031285,0.522531502,0.6489197,0.570961745,0.475959635,0.531403055,0.482221254,8197.468354
DJF,143,17,160,22.53,30.45,18.35,12.1,477.5999944,712.55,874.7,52,7,76.91730748,27017.6,0.481694143,0.846040498,0.704451,0.408693302,0.666852426,0.5591041,0.344604414,0.589519011,0.4190167,7392.721088
MAM,130,8,138,24.9,33.55,18.24,15.31,678.1000159,809.8,741.3,55,4,77.19503535,27144.72,0.55133,0.808102472,0.6288401,0.48577,0.676576542,0.489952,0.40473,0.590415983,0.4536,8352.45283
MAM,131,12,143,22.81,32.23,17,15.23,550.6000059,714.15,836.6,46,5,73.20763877,27191.06,0.679515273,0.756310794,0.709176996,0.424028974,0.634654873,0.58305516,0.403583587,0.566724364,0.529588662,7708.644068
MAM,151,9,160,24.22,32.92,17.52,15.4,702.5000114,774.95,753.8,51,9,73.87001415,27301.34,0.423328867,0.737119633,0.7103889,0.394780914,0.558935697,0.578329,0.358485825,0.502573329,0.387935,7593.82716
JJA,143,9,152,23.29,32.92,15.81,17.11,635.6000061,760.75,798.7,53,7,78.49647412,27427.85,0.437783172,0.860718594,0.77959753,0.314539326,0.708582838,0.475758891,0.274118917,0.599973954,0.459689666,10777.52137
JJA,131,10,141,23.09,32.23,17.64,14.59,557.4999987,701.35,648.4,50,8,77.75929732,27448,0.391420475,0.829112808,0.58823458,0.279306434,0.573237088,0.411436143,0.254555415,0.527162023,0.402785255,7950
SON,134,4,138,22.05,30.68,18.01,12.67,536.200006,935.6,1203.6,54,7,78.35961517,27532.4,0.559517397,0.825480169,0.771480887,0.462096375,0.6579271,0.457969144,0.39052076,0.571341233,0.456426118,9431.666667
MAM,130,14,144,22.81,32.23,17,15.23,554.3000057,714.15,836.6,45,9,73.64097213,27641.7,0.547710113,0.818422269,0.662772308,0.365415654,0.672571113,0.529533118,0.336918002,0.581988338,0.468778307,8415.254237
DJF,134,18,152,22.53,30.45,18.35,12.1,458.8999943,712.55,874.7,51,4,75.76768573,27777.38,0.280975088,0.711565044,0.661980443,0.474313521,0.553813754,0.531814469,0.216201427,0.495793825,0.517004756,6859.661017
DJF,130,9,139,24.98,33.78,18.24,15.54,712.8000188,683.4,635.4,51,7,82.22211774,27895.55,0.698767712,0.780283201,0.735172437,0.513270358,0.615014918,0.623941796,0.462843925,0.544354702,0.538383985,7590
JJA,126,17,143,23.01,32.29,17.64,14.65,510.4999931,533.15,525,49,8,77.38695344,27915.37,0.423721266,0.816626001,0.516194741,0.320819325,0.651445614,0.399326597,0.290473583,0.576115106,0.36296684,8292.424242
SON,123,14,137,23.09,33.12,17.85,15.27,470.0999925,549,583.4,52,8,78.06989226,27960.84,0.346893263,0.829112808,0.563154075,0.242059724,0.55638892,0.390395166,0.222121728,0.512049637,0.387039251,7341.666667
JJA,126,24,150,23.01,31.59,17.71,13.88,608.1000103,785.9,848.7,54,6,77.93511456,28029.33,0.655764398,0.892507118,0.717953604,0.484992532,0.683198564,0.533653197,0.446659475,0.621334432,0.507242552,7449.90099
JJA,126,23,149,23.01,31.59,17.71,13.88,636.9000118,785.9,848.7,52,10,79.11965809,28050.93,0.514356653,0.837653438,0.586224261,0.307682088,0.528526453,0.512225785,0.286352118,0.512958351,0.40867406,7812.878788
DJF,122,7,129,23.7,33.24,18.25,14.99,458.6000056,777.6,1009.2,53,7,81.78750003,28149.47,0.69235,0.817936408,0.49235,0.55142,0.731353726,0.47143,0.491545,0.61754,0.4155542,8354.098361
SON,144,10,154,22.36,30.45,15.81,14.64,493.4999963,702.85,821.5,48,6,77.64440186,28244.32,0.443415502,0.856035666,0.6823555,0.36615177,0.694167573,0.6199452,0.309477887,0.609372466,0.483356,8749.6
JJA,146,9,155,24.22,32.92,17.52,15.4,676.1000049,774.95,753.8,53,8,78.72899441,28611.43,0.450871506,0.821657782,0.58,0.319920944,0.525338922,0.51806211,0.290776798,0.508319985,0.41,7700
JJA,132,9,141,23.74,32.92,17.52,15.4,587.9000012,767.5,775.5,50,7,82.76858966,28752.52,0.527817031,0.807275569,0.517451072,0.344862482,0.483016084,0.397640876,0.322938732,0.464954555,0.339506017,7177.972973
JJA,143,11,154,22.87,32.23,17.64,14.59,709.799997,762.3,721.2,47,6,70.61631927,28867.78,0.564913731,0.781318678,0.750760018,0.343279838,0.666818434,0.545379577,0.325288029,0.567,0.520735446,7032.674419
JJA,145,11,156,22.87,32.23,17.64,14.59,715.5999966,762.3,721.2,56,8,78.92067881,29253.85,0.393931924,0.829112808,0.704368015,0.285938089,0.558162737,0.541336255,0.26109133,0.480213538,0.487555589,5353.837209
MAM,135,19,154,24.8,33.55,17.52,16.03,777.2000165,802.75,752.2,60,6,74.85445186,29273.74,0.492255,0.857071096,0.613391,0.499622,0.742275191,0.499502,0.395562,0.660880992,0.4809,8032.673267
DJF,123,7,130,23.7,33.24,18.25,14.99,461.2000056,777.6,1009.2,60,6,74.58449053,29273.74,0.5011345,0.819913028,0.6724413,0.592245,0.75273959,0.5203455,0.364573,0.635585876,0.424322,9186.393443
MAM,121,5,126,23.57,32.22,18.25,13.97,520.3000096,783.7,931.6,60,6,74.58449053,29273.74,0.4992454,0.825975928,0.6844134,0.48332,0.746510583,0.4721114,0.3055345,0.631908002,0.48675,9709.137931
MAM,122,36,158,22.8,30.45,18.51,11.94,498.6999988,803.7,957.5,53,8,77.72564086,29782.81,0.482858226,0.815478612,0.697581833,0.318008107,0.722049625,0.542151498,0.294221865,0.610053582,0.480993712,9414.285714
MAM,124,14,138,22.86,29.05,18.51,10.54,429.7999977,718.3,897.2,57,9,78.51543191,29914.89,0.363468274,0.816743772,0.596156528,0.262632142,0.65069893,0.441032011,0.244163769,0.572766734,0.402954121,8003.506494
MAM,130,11,141,24.9,33.55,18.24,15.31,693.8000163,809.8,741.3,53,6,72.71052623,29935.36,0.499151,0.71636717,0.6411042,0.489941,0.517448033,0.501777,0.583252,0.474033629,0.47457436,6768.571429
MAM,130,11,141,24.61,33.55,18.24,15.31,725.4,802.75,656.9,57,6,73.19761015,29935.36,0.523422,0.723184292,0.657724,0.51135,0.536771382,0.4838836,0.488346,0.488347482,0.467477,7162.666667
SON,126,24,150,22.43,30.68,18.13,12.55,581.8000127,913.35,1064.4,50,6,77.97744343,30114.15,0.33492183,0.805765722,0.676346264,0.21708398,0.584083908,0.492175954,0.22385929,0.536810547,0.441221068,6943.076923
DJF,131,10,141,22.51,29.98,17,12.98,514.9000043,937.8,1118.2,50,6,77.97744343,30114.15,0.433880057,0.806257837,0.672182214,0.236575479,0.576569581,0.474688917,0.247186244,0.531820812,0.437256593,7216.239316
JJA,143,9,152,23.59,32.92,15.81,17.11,622.200004,673.1,726,58,14,76.81186852,30169.3,0.586290394,0.856316477,0.712777275,0.385714002,0.71758625,0.508431871,0.363167171,0.628104453,0.492740543,8781.368421
MAM,122,11,133,24.09,34.35,16.9,17.45,493.2000065,794.9,790.1,60,6,74.30051351,30328.49,0.59113,0.801309955,0.62456,0.394576,0.695664532,0.499452,0.414563,0.600901758,0.4655558,8741.165049
MAM,130,8,138,24.53,32.92,17.52,15.4,593.3000138,772.9,660.1,61,11,78.74551271,30462.49,0.505802788,0.791461896,0.57,0.343346604,0.596482261,0.48,0.302018372,0.524292124,0.32,8829.042553
MAM,128,16,144,22.86,29.05,18.51,10.54,454.8999981,718.3,897.2,50,9,82.37962951,30634.65,0.587784502,0.771135572,0.547328432,0.397024405,0.506310088,0.376742267,0.365903105,0.47749378,0.353315726,6331.333333
JJA,134,10,144,22.87,32.23,17,15.23,654.0999981,762.3,721.2,54,7,78.30352782,30705.92,0.34859368,0.748679399,0.637437073,0.243309424,0.639847791,0.503781902,0.230955805,0.537502603,0.455308557,8477.714286
JJA,135,12,147,22.87,32.23,17.64,14.59,670.0999969,762.3,721.2,51,6,71.6746182,30964.49,0.73126418,0.785043625,0.762159061,0.482061199,0.694955774,0.644958366,0.455164525,0.606407567,0.553358676,8071.052632
MAM,132,10,142,24.8,33.55,18.24,15.31,758.4000167,802.75,752.2,51,10,79.43897628,31264.51,0.580255401,0.670436083,0.647081991,0.317621508,0.454913219,0.537743842,0.319607631,0.417319856,0.446976409,6626.829268
DJF,136,18,154,22.53,30.45,18.35,12.1,466.6999941,712.55,874.7,50,10,81.92568394,31328.73,0.529902901,0.812904935,0.565121663,0.353465304,0.493479677,0.392337656,0.325743534,0.479382921,0.36212195,7458.157895
JJA,127,30,157,23.01,31.59,17.71,13.88,623.30001,785.9,848.7,45,8,79.04527562,31351.03,0.522406175,0.781495599,0.746520329,0.365364333,0.629175603,0.587044649,0.348857964,0.552817587,0.533248444,8705.063291
JJA,133,14,147,22.87,32.23,17,15.23,651.5999978,762.3,721.2,54,18,76.5026245,31462.56,0.659402812,0.833070983,0.593855391,0.522807704,0.682573241,0.463389231,0.452877406,0.587031433,0.42254982,8791.888889
DJF,120,16,136,23.9,33.29,18.25,15.04,493.5000065,859.75,1106.9,48,9,78.80608963,31624.06,0.561714962,0.847370059,0.707971771,0.436522361,0.68112144,0.577055143,0.402782757,0.600214071,0.531173904,8951.111111
DJF,141,16,157,22.53,30.45,18.35,12.1,473.1999942,712.55,874.7,48,7,72.92252619,31714.35,0.402816709,0.862720551,0.66158994,0.246589336,0.635159859,0.55972398,0.246947327,0.587459629,0.491210301,9413.551402
DJF,132,10,142,22.51,29.98,17,12.98,520.2000031,937.8,1118.2,57,18,72.77746895,31731.6,0.55369016,0.84034412,0.645046536,0.366837053,0.624092349,0.522721458,0.34359587,0.573196451,0.459540969,6443.75
JJA,130,9,139,23.01,32.23,17.64,14.59,508.099993,533.15,525,48,9,78.71582016,31756.81,0.507269342,0.850668588,0.753469369,0.303776081,0.674430465,0.66547838,0.293960004,0.596090516,0.596676663,8659.090909
MAM,137,18,155,24.8,33.55,17.52,16.03,776.6000164,802.75,752.2,55,10,79.43897628,32222.89,0.533131307,0.790204741,0.610808286,0.319865766,0.530546328,0.47274888,0.312804801,0.489343798,0.383880872,7127.578947
SON,125,6,131,23.25,33.29,17.85,15.44,401.0999967,531.2,600.9,54,6,71.20992357,32278.44,0.691573195,0.812456018,0.756802349,0.507156762,0.625038331,0.610587495,0.45914062,0.566115687,0.540072462,8888.035714
JJA,144,9,153,24.22,32.92,17.52,15.4,674.2000071,774.95,753.8,48,8,73.39519237,32332,0.622472552,0.836745466,0.542134477,0.412264371,0.612801784,0.393847407,0.395258216,0.56625979,0.380487401,7895.714286
JJA,129,21,150,23.01,31.59,17.71,13.88,642.5000118,785.9,848.7,52,9,74.69110271,32357.21,0.595344286,0.859526615,0.65018714,0.394127448,0.620537421,0.512485281,0.377123347,0.578741837,0.46580275,8597.727273
MAM,130,11,141,24.8,33.55,17.52,16.03,705.200016,802.75,752.2,47,8,77.94623652,32357.85,0.297919894,0.769319201,0.769432961,0.178656881,0.611531346,0.609487408,0.181132002,0.532022669,0.559227676,8462.162162
MAM,126,17,143,22.86,29.05,18.51,10.54,452.399998,718.3,897.2,40,20,66.17567568,32561.95,0.490809834,0.901209544,0.74523141,0.297234626,0.51651905,0.590127841,0.2764723,0.510759775,0.551854032,10028.57143
DJF,130,13,143,22.22,30.68,17.83,12.85,492.3000043,912.65,1182.1,57,18,73.18958317,32679,0.512287197,0.859069256,0.645046536,0.397263284,0.662302657,0.529811155,0.354928699,0.596918411,0.459540969,8276.428571
SON,124,17,141,22.43,31.25,18.13,13.12,606.0000096,769.9,918.8,52,10,79.77098761,32997.97,0.49442605,0.81131699,0.587929712,0.33917767,0.600172406,0.5135348,0.322101975,0.538241406,0.41120364,7383.516484
SON,126,14,140,23.09,33.12,17.85,15.27,469.7999925,549,583.4,49,8,79.07581459,33011.11,0.58537177,0.809633032,0.687924059,0.415440248,0.625721606,0.516889956,0.381003346,0.55531638,0.481701145,8135.714286
DJF,136,14,150,22.53,30.45,18.35,12.1,449.5999929,712.55,874.7,48,8,79.06265669,33097.92,0.469086821,0.833038706,0.645046536,0.386964909,0.628984895,0.522721458,0.350578603,0.569073334,0.459540969,9571.212121
MAM,139,7,146,23.1,30.77,17.71,13.06,488.0000012,592,692.6,49,8,79.24475316,33109.41,0.481096778,0.787012724,0.797919797,0.394780914,0.648559535,0.51806211,0.358485825,0.562866703,0.455806832,8954.929577
MAM,122,11,133,24.09,34.35,16.9,17.45,493.2000065,794.9,790.1,54,10,78.90754245,33149.67,0.563414849,0.857940431,0.797919797,0.377735334,0.708706445,0.596660475,0.355481619,0.620119064,0.558826701,9941.717791
JJA,144,9,153,23.29,32.92,15.81,17.11,622.200004,673.1,798.7,56,10,75.75502357,33152.56,0.522406175,0.675228468,0.630641089,0.3561,0.454886277,0.408720418,0.31673,0.426035511,0.403773268,6002.5
JJA,136,13,149,22.7,31.59,18.53,13.06,658.200011,882.85,1011.6,55,10,79.69638476,33501.88,0.484208286,0.845633277,0.691582298,0.328499409,0.613784784,0.552012071,0.313517731,0.530940963,0.493280579,7872.043011
JJA,140,16,156,22.7,31.59,18.53,13.06,674.3000113,882.85,1011.6,50,7,73.25404233,33517.38,0.472178161,0.81921573,0.702021111,0.267437573,0.541982814,0.515785218,0.268962114,0.513619004,0.469770498,7543.010753
SON,121,12,133,23.09,33.12,17.85,15.27,461.1999924,549,583.4,54,6,71.3047445,33549.29,0.732580585,0.825543094,0.745824692,0.511825179,0.600151265,0.578245691,0.473861804,0.554970772,0.519017804,9225
JJA,146,8,154,22.87,32.23,17.64,14.59,708.9999968,762.3,721.2,51,8,78.32565027,33563.13,0.208865948,0.823633533,0.658395421,0.151050776,0.755969489,0.516799458,0.144514957,0.633371122,0.469290139,9334.453782
SON,120,24,144,22.7,31.59,18.13,13.46,618.8000088,882.85,1011.6,51,7,73.33241424,33780.56,0.454706396,0.818174087,0.673533549,0.264747459,0.514618125,0.475360348,0.267729314,0.497842151,0.439236473,6750.549451
MAM,130,9,139,24.9,33.55,18.24,15.31,682.0000162,809.8,741.3,50,8,78.0663581,33822.16,0.41320365,0.808398353,0.582375,0.328437678,0.715603908,0.613423,0.291000019,0.613737293,0.492415,9002.830189
JJA,132,22,154,23.26,31.59,17.71,13.88,637.0000049,716.5,720.4,54,10,77.4787807,33846.89,0.609301115,0.788221048,0.610914953,0.338367349,0.534895879,0.408527904,0.327837753,0.495375531,0.401391274,8400.535714
DJF,118,25,143,24.23,33.29,18.4,14.89,432.9000029,704.15,832,43,9,67.90368839,33887.66,0.584732178,0.945238374,0.84001651,0.415440248,0.736024943,0.743044869,0.381003346,0.667611323,0.651258857,9281.111111
MAM,120,11,131,23.9,33.73,16.9,16.83,502.400006,640,713.2,50,8,78.02372269,34654.47,0.43998831,0.82269282,0.72342,0.321129487,0.688379823,0.672342,0.295130552,0.595631176,0.49235,8404.761905
DJF,125,20,145,23.97,33.29,18.77,14.52,491.5000061,824,1075.2,46,10,76.79166664,35097.09,0.724331374,0.803444804,0.408335148,0.502833604,0.640750145,0.253493092,0.461343889,0.566092843,0.261158749,9611.827957
JJA,145,8,153,22.87,32.23,17.64,14.59,706.6999968,762.3,721.2,54,10,78.58333325,35209.52,0.595131714,0.859914703,0.656737105,0.415120785,0.712830804,0.531665722,0.380970594,0.621576711,0.480001054,9623.255814
DJF,120,7,127,23.7,33.24,18.25,14.99,455.2000049,777.6,1009.2,53,8,78.11196158,35372.42,0.399486628,0.91157995,0.858505154,0.284406907,0.716590674,0.687121085,0.260577625,0.647414188,0.61681268,10162.29508
SON,126,12,138,23.44,33.29,17.85,15.44,407.7999966,696.55,819.8,46,11,67.48261143,35581.7,0.584732178,0.909744428,0.714472101,0.415440248,0.743202259,0.615340087,0.381003346,0.660008995,0.547745561,6576.315789
DJF,128,15,143,22.53,30.45,18.35,12.1,437.3999928,712.55,874.7,48,23,70.21199997,35721.72,0.667363727,0.824827995,0.665997014,0.51472662,0.628098732,0.52629922,0.452758458,0.569500603,0.435674265,9268.390805
JJA,138,5,143,23.09,32.23,17.64,14.59,626.9999942,701.35,648.4,54,10,77.9645061,35796.51,0.423055945,0.86091179,0.696495196,0.268025013,0.736374239,0.556063553,0.256580078,0.635954924,0.516533683,10585.10638
DJF,139,12,151,22.66,30.45,18.51,11.94,481.4999976,757.6,933.1,57,10,78.49501163,35827.76,0.365349685,0.859176215,0.729637624,0.248675953,0.71375468,0.612002422,0.234187407,0.620847303,0.53809747,10451.16279
DJF,135,7,142,22.24,30.68,17.83,12.85,540.700004,722.5,889.1,48,8,71.19052177,35875.43,0.611257461,0.834030257,0.74684433,0.424223072,0.694210548,0.599256592,0.400594491,0.604159846,0.542462877,8557.321429
DJF,140,13,153,22.66,30.45,18.51,11.94,485.0999978,757.6,933.1,53,8,69.7400497,35957.62,0.604322615,0.831626957,0.650825829,0.392200624,0.538373468,0.487867563,0.365814235,0.516558487,0.426590021,8346.55914
MAM,128,10,138,22.9,30.45,17.71,12.74,400.1999974,778.3,969.7,46,22,70.08966659,36010.64,0.513579219,0.798891239,0.627532959,0.473493148,0.608158541,0.508349752,0.387446369,0.536457981,0.455188833,8379.047619
DJF,125,21,146,23.97,33.29,18.77,14.52,491.5000061,824,1075.2,53,8,78.0461713,36039.14,0.435523045,0.875168375,0.645046536,0.308780585,0.733614379,0.522721458,0.280311033,0.647897357,0.459540969,9055.445545
SON,130,9,139,22.22,30.45,15.81,14.64,471.3000002,773,907,52,8,69.51284454,36116.89,0.564303978,0.847315852,0.384570071,0.419355314,0.63794403,0.263563699,0.376809314,0.586363771,0.258370224,8687.61194
DJF,142,7,149,22.24,30.68,17.83,12.85,553.1000037,722.5,889.1,53,10,77.96472009,36145.91,0.487673838,0.85079304,0.535456763,0.308507845,0.707369084,0.419988672,0.294996454,0.616291621,0.386992635,9914.285714
JJA,132,11,143,22.87,32.23,17,15.23,652.6999981,762.3,721.2,46,11,67.41145822,36216.63,0.522406175,0.922555227,0.717948392,0.365364333,0.723891784,0.623298549,0.348857964,0.649032008,0.553553265,7954.285714
SON,143,11,154,22.36,30.45,15.81,14.64,504.1999993,702.85,821.5,55,20,70.79745347,36467.15,0.734149511,0.90978604,0.687924059,0.514878695,0.702642709,0.516889956,0.471656775,0.643209525,0.481701145,9089.010989
SON,130,16,146,22.43,30.68,18.13,12.55,597.2000126,913.35,1064.4,57,9,70.95250576,36698.33,0.655683059,0.833496757,0.714355621,0.494998179,0.722598835,0.548435783,0.442861515,0.619748663,0.496978881,7789.130435
JJA,139,9,148,24.22,32.92,17.52,15.4,646.000006,774.95,753.8,49,24,70.32519522,36701.94,0.503500172,0.753726516,0.645162568,0.372523281,0.559334233,0.509411616,0.331894524,0.493767988,0.470701581,7083.870968
DJF,136,7,143,22.24,30.68,17.83,12.85,540.800004,722.5,889.1,51,17,64.56152328,36815.13,0.530337512,0.868547085,0.647388251,0.386964909,0.721889323,0.521115368,0.350578603,0.627761153,0.480278628,8531.818182
JJA,140,5,145,23.09,32.23,17.64,14.59,629.2999942,701.35,648.4,53,17,66.08517141,36938.35,0.522406175,0.923815414,0.648684041,0.365364333,0.807223309,0.5515616,0.348857964,0.700756705,0.482790864,10664.88372
DJF,130,14,144,22.22,30.68,17,13.68,495.0000039,912.65,1182.1,48,19,63.41330626,36965.74,0.628333818,0.889770997,0.746363624,0.437232371,0.759295894,0.659952455,0.40693619,0.65675752,0.578760199,9456.060606
DJF,130,15,145,22.22,30.68,17,13.68,495.3000039,912.65,1182.1,51,10,78.66030097,37010.17,0.793300519,0.851094259,0.570733559,0.649027455,0.647367168,0.39041309,0.559429526,0.584340809,0.379141135,7564.102564
DJF,130,34,164,22.17,30.68,17.83,12.85,608.8000059,934.9,1222.2,52,11,67.40012708,37138.52,0.530048173,0.902913312,0.614991738,0.386964909,0.753611844,0.512687941,0.350578603,0.666028004,0.467232618,9219.642857
JJA,130,16,146,23.32,32.29,17.64,14.65,510.0999931,615.3,622.7,45,23,64.7662601,37596.39,0.587463269,0.877347687,0.752776191,0.441329847,0.546519659,0.595126867,0.401052462,0.530380763,0.552283948,8931.818182
SON,127,13,140,22.43,31.25,18.13,13.12,563.7000117,769.9,918.8,43,21,62.88075857,37650.3,0.64734,0.863191562,0.743524,0.486925,0.788889065,0.647596,0.485246,0.666478652,0.58275,8985.27027
JJA,143,11,154,22.87,32.23,17.64,14.59,709.799997,762.3,721.2,44,23,63.90013769,37982.61,0.517636537,0.884727134,0.464406541,0.409874413,0.59789432,0.354850405,0.347867925,0.563164822,0.350175351,8974.418605
JJA,141,9,150,23.29,32.92,15.81,17.11,632.2000059,760.75,798.7,48,18,72.55952368,38154.57,0.643066575,0.800534488,0.389188382,0.449853717,0.609563013,0.330088943,0.413699826,0.551884611,0.282385037,8366.666667
JJA,131,13,144,22.87,32.23,17,15.23,661.3999977,762.3,721.2,47,24,64.07033328,38952.28,0.482449677,0.839117113,0.688493874,0.329586646,0.584568293,0.550619502,0.297681224,0.5582678,0.506421049,8332.051282
SON,131,4,135,22.12,30.68,18.13,12.55,515.800005,768.35,960,50,8,70.09148557,39366.38,0.571300463,0.820529826,0.726626621,0.352260233,0.596504316,0.520183056,0.343090738,0.542623434,0.478170591,8494.166667
JJA,136,10,146,23.22,32.23,17,15.23,640.2999978,643.5,634.7,51,22,62.08426603,41405.57,0.670911371,0.83846288,0.777493,0.537967235,0.753570048,0.68278,0.485011235,0.634860534,0.591874,8723.423423
JJA,135,10,145,23.22,32.23,17,15.23,629.7999967,643.5,634.7,54,21,63.70432095,41522.97,0.482863531,0.771064992,0.49575347,0.35569764,0.691013578,0.408063935,0.298920416,0.575897373,0.367806509,7905.555556
JJA,130,18,148,23.32,32.29,17.64,14.65,510.0999931,615.3,622.7,52,23,61.49904568,41674.68,0.700012635,0.858560697,0.6905,0.56824336,0.716187733,0.5843,0.498728245,0.623848482,0.4986,9420.673077
MAM,120,11,131,23.9,33.73,16.9,16.83,502.400006,640,713.2,54,21,63.89598534,41965.07,0.539267341,0.794199807,0.654860644,0.468314286,0.744498424,0.51404328,0.386984581,0.6292248,0.461826276,8778.333333
DJF,128,30,158,23.97,33.29,18.77,14.52,513.3000051,824,1075.2,53,22,62.33658374,43353.64,0.624226352,0.865570277,0.719856,0.488691079,0.789168964,0.687174,0.442172715,0.667080452,0.5812093,10610.68966
DJF,128,23,151,22.53,30.45,18.35,12.1,467.5999928,712.55,874.7,47,21,66.43266662,43465.64,0.510073605,0.720131128,0.678951056,0.273636862,0.593649117,0.509611576,0.280615621,0.507768306,0.461261832,9550.485437
DJF,122,16,138,23.7,33.24,18.25,14.99,500.4000068,777.6,1009.2,56,23,63.1550592,43983.47,0.479767959,0.855742958,0.739777035,0.343010887,0.719321519,0.586403522,0.317738437,0.621384991,0.532928567,10250.49505
DJF,120,16,136,23.9,33.29,18.25,15.04,491.6000064,859.75,1106.9,54,23,62.0192306,45049.81,0.703782297,0.86235378,0.7351,0.533329405,0.783816833,0.5597,0.485474511,0.658872535,0.558,9255.555556
SON,134,11,145,22.23,30.45,15.81,14.64,492.6,535.85,569.6,45,20,68.23642688,45555.22,0.737709942,0.698736471,0.747176978,0.454829459,0.521312919,0.483044158,0.44322814,0.446953529,0.458476122,8677.419355
JJA,133,11,144,23.09,32.23,17.64,14.59,563.8999983,701.35,648.4,61,23,63.48574539,46437.4,0.451005586,0.855596628,0.677555493,0.405636955,0.765783377,0.524388977,0.349333322,0.648316846,0.483006867,11339.62264
MAM,130,11,141,22.51,29.98,17,12.98,469.900004,937.8,1118.2,64,23,62.8766338,47555.72,0.456043975,0.87375324,0.550606955,0.39486468,0.809357225,0.404414276,0.341665719,0.676897633,0.387650876,10342.73504
SON,149,10,159,22.36,30.45,15.81,14.64,511.8999973,702.85,821.5,48,21,67.67548672,47866.54,0.552749746,0.748904541,0.64113672,0.320925809,0.555443022,0.388648785,0.322127049,0.491488048,0.388345282,9320
